Year,Goal,Scorer,Country
1998,7,Hossam HASSAN , Egypte
1998,7,Benedict McCARTHY , Afrique du Sud
1998,4,Joel TIEHI , Cote d'Ivoire
1998,4,Mbuilua Jerry NTONDELUA , Zaire
1998,3,Alphonse Marie TCHAMI Djomaha , Cameroun
1998,3,Souleyame OULARE , Guinée
1998,2,PAULO SILVA , Angola
1998,2,Kassoum OUEDRAOGO , Burkina Faso
1998,2,Ibrahim BAKAYOKO , Cote d'Ivoire
1998,2,Tchiressoa GUEL , Cote d'Ivoire
1998,2,Said CHIBA , Maroc
1998,2,Eliphas SHIVUTE , Namibie
1998,2,Gervatius URI KHOB , Namibie
1998,2,Hassan GABSI , Tunisie
1998,2,Mehdi BEN SLIMANE , Tunisie
1998,2,Ziad TLEMCANI , Tunisie
1998,2,Lokenge MUNGONGO , Zaire
1998,1,Bilel DZIRI , Algérie
1998,1,Moussa SAIB , Algérie
1998,1,LAZARO , Angola
1998,1,MIGUEL PEREIRA , Angola
1998,1,QUINZINHO , Angola
1998,1,Oumar BARRO , Burkina Faso
1998,1,Romeo KAMBOU , Burkina Faso
1998,1,Sidi NAPON , Burkina Faso
1998,1,Alassane OUEDRAOGO , Burkina Faso
1998,1,Ibrahim TALLE , Burkina Faso
1998,1,Seydou TRAORÉ , Burkina Faso
1998,1,Joseph-Desire JOB , Cameroun
1998,1,Pierre WOME Nlend , Cameroun
1998,1,Ahmed Kamel HASSAN , Egypte
1998,1,Tarek MOUSTAFA , Egypte
1998,1,Yasser RADWAN , Egypte
1998,1,Mohamed GARGO , Ghana
1998,1,Samuel JOHNSON , Ghana
1998,1,Alex NYARKO , Ghana
1998,1,Lassina DIABATE , Cote d'Ivoire
1998,1,Ahmed QUATTARA , Cote d'Ivoire
1998,1,Ahmed BAHJA , Maroc
1998,1,Youssef FERTOUT , Maroc
1998,1,Mustapha El HADJI , Maroc
1998,1,Ali EL KHATTABI , Maroc
1998,1,AVELINO , Mozambique
1998,1,Ricardo MANNETTI , Namibie
1998,1,Robert NAUSEB , Namibie
1998,1,Simon UUTONI , Namibie
1998,1,Helman MKHALELE Nkosiyethu , Afrique du Sud
1998,1,David S’busiso NYATHI , Afrique du Sud
1998,1,Komlan ASSIGNON , Togo
1998,1,Mohamed COUBABDJA , Togo
1998,1,Franck Dote , Togo
1998,1,Massamesso TCHANGAI , Togo
1998,1,Eddy Keve BEMBUANA , Zaire
1998,1,Banza KASONGO , Zaire
1998,1,Okitankoyi KIMOTO , Zaire
1998,1,Mundaba KISOMBE , Zaire
1998,1,Kalusha BWALYA , Zambie
1998,1,Tenant CHILUMBA , Zambie
1998,1,Rotson KILAMBE , Zambie
1998,1,Masauso TEMBO , Zambie
2000,5,Shaun Thurston BARTLETT , Afrique du Sud
2000,4,Samuel ETO'O Fils , Cameroun
2000,4,Patrick Henri MBOMA Dem , Cameroun
2000,3,Hossam HASSAN , Egypte
2000,3,Julius AGHAHOWA , Nigeria
2000,3,Austine Azuka OKOCHA , Nigeria
2000,2,Abdelhafid TASFAOUT , Algérie
2000,2,Ousame SANOU , Burkina Faso
2000,2,Marc Vivien FOÉ , Cameroun
2000,2,Kwame AYEW , Ghana
2000,2,Tijani BABANGIDA , Nigeria
2000,2,Victor IKPEBA Nosa , Nigeria
2000,2,Henri CAMARA , Sénégal
2000,2,Siyabonga NOMVETE , Afrique du Sud
2000,2,Ali ZITOUNI , Tunisie
2000,1,Bilal DZIRI , Algérie
2000,1,Farid GHAZI , Algérie
2000,1,Fawzi MOUSSOUNI , Algérie
2000,1,Ismael KOUDOU , Burkina Faso
2000,1,Alassane OUEDRAOGO , Burkina Faso
2000,1,Raymond KALLA Nkongo , Cameroun
2000,1,Abdel Halim ALI , Egypte
2000,1,Ahmed Salah HOSNI , Egypte
2000,1,Yasser RADWAN , Egypte
2000,1,Hany RAMZY , Egypte
2000,1,Zita Bruno MBANANGOYE , Gabon
2000,1,Chiva NZIGHOU Star , Gabon
2000,1,Otto ADDO , Ghana
2000,1,Tchirresoua GUEL , Cote d'Ivoire
2000,1,Donald-Olivier SIE , Cote d'Ivoire
2000,1,Bonaventure KALOU , Cote d'Ivoire
2000,1,Salaheddine BASSIR , Maroc
2000,1,Raphael CHUKWU , Nigeria
2000,1,George FINIDI , Nigeria
2000,1,Massamesso TCHANGAI , Togo
2000,1,Lantame OUADJA , Togo
2000,1,Kalidgou FADIGA , Sénégal
2000,1,Salif KEITA , Sénégal
2000,1,Abdoulaye MBAYE , Sénégal
2000,1,El Hadji Papa Brahim SARR , Sénégal
2000,1,Dumisa Vincent NGOBE , Afrique du Sud
2000,1,Khaled BADRA , Tunisie
2000,1,Zoubier BEYA , Tunisie
2000,1,Radhi JAIDI , Tunisie
2000,1,Adel SELLIMI , Tunisie
2000,1,Kalusha BWALYA , Zambie
2000,1,Laughter CHILEMBI , Zambie
2000,1,Dennis LOTA , Zambie
2002,3,Patrick Henri M’BOMA Daem , Cameroun
2002,3,René Salomon OLEMBE , Cameroun
2002,3,Julius AGHAHOWA , Nigeria
2002,2,Hazem EMAM , Egypte
2002,2,Isaac BOAKYE , Ghana
2002,2,Bassala TOURE , Mali
2002,2,Hichem ZEROUALI , Maroc
2002,2,Salif Alassane DIAO , Sénégal
2002,1,Nassim AKROUR , Algérie
2002,1,Nasreddine KRAOUCHE , Algérie
2002,1,Moumouni DAGANO , Burkina Faso
2002,1,Amadou TRAORE , Burkina Faso
2002,1,Samuel ETO’O Fils , Cameroun
2002,1,Marc-Vivien FOE , Cameroun
2002,1,Lucien METTOMO , Cameroun
2002,1,Papy KIMOTO , DR Congo
2002,1,Shabani NONDA , DR Congo
2002,1,Yves YUVULADIO , DR Congo
2002,1,Ahmed HOSSAM , Egypte
2002,1,Kandia TRAORE , Cote d'Ivoire
2002,1,Prince DAYE , Liberia
2002,1,Kelvin SEBWE , Liberia
2002,1,George WEAH , Liberia
2002,1,Mamadou BAGAYOKO , Mali
2002,1,Dramane COULIBALY , Mali
2002,1,Seydou KEITA , Mali
2002,1,Rachid BENMAHMOUD , Maroc
2002,1,Garba LAWAL , Nigeria
2002,1,Yakubu AYEGBENI , Nigeria
2002,1,Souleymane CAMARA , Sénégal
2002,1,Lamine DIATTA , Sénégal
2002,1,Pape Bouba DIOP , Sénégal
2002,1,El Hadji Ousseynou DIOUF , Sénégal
2002,1,Thabo MNGOMENI , Afrique du Sud
2002,1,Siyabonga NOMVETE , Afrique du Sud
2002,1,Sibusiso ZUMA , Afrique du Sud
2002,1,Gift KAMPAMBA , Zambie
2004,4,Henri Patrick MBOMA Dem , Cameroun
2004,4,Frédéric Oumar KANOUTÉ , Mali
2004,4,Youssef MOKHTARI , Maroc
2004,4,Augustine Azuka ‘Jay Jay’ OKOCHA , Nigeria
2004,4,Francicieudo DOS SANTOS Silva , Tunisie
2004,3,Aboubacar Titi CAMARA , Guinée
2004,3,Youssef HADJI , Maroc
2004,3,Osaze ODEMWINGIE , Nigeria
2004,3,Peter NDLOVU , Zimbabwe
2004,2,Hocine ACHIOU , Algérie
2004,2,Modeste MBAMI Mbami , Cameroun
2004,2,Pascal FEINDOUNOU , Guinée
2004,2,Mahamadou DIARRA , Mali
2004,2,Marouane CHAMAKH , Maroc
2004,2,John UTAKA , Nigeria
2004,2,Mamadou H. NIANG , Sénégal
2004,2,Siyabonga NOMVETE , Afrique du Sud
2004,2,Zied JAZIRI , Tunisie
2004,2,Joel LUPHAHLA , Zimbabwe
2004,1,Abdelmalek CHERRAD , Algérie
2004,1,Mamar MAMOUNI , Algérie
2004,1,Brahim ZAFOUR , Algérie
2004,1,Moussa B. LATOUNDJI , Benin
2004,1,Dieudonné MINOUNGOU , Burkina Faso
2004,1,Samuel ETO'O Fils , Cameroun
2004,1,Alain Ekakanga MASUDI , République Démocratique du Congo
2004,1,Tamer ABDEL HAMID , Egypte
2004,1,Mohamed BARAKAT , Egypte
2004,1,Ahmed BELAL , Egypte
2004,1,Emmanuel AKE , Kenya
2004,1,Dennis OLIECH , Kenya
2004,1,John Wamalwa BARASA , Kenya
2004,1,Titus Brian Mulama , Kenya
2004,1,Sedonoune Jamrir ABOUTA , Mali
2004,1,Mohamed Laminé SISSOKO , Mali
2004,1,Soumaila COULIBALY , Mali
2004,1,Dramane TRAORÉ , Mali
2004,1,Nabil BAHA , Maroc
2004,1,Talal EL KARKOURI , Maroc
2004,1,Abdeslam OUADDOU , Maroc
2004,1,Youssef SAFRI , Maroc
2004,1,Jaouad ZAIRI , Maroc
2004,1,Garba LAWAL , Nigeria
2004,1,Joseph YOBO , Nigeria
2004,1,Joao Henriette ELIAS , Rwanda
2004,1,Karim KAMANZI , Rwanda
2004,1,Said Abed MAKASI , Rwanda
2004,1,Pape Bouba DIOP , Sénégal
2004,1,Habib F. BEYE , Sénégal
2004,1,Patrick MAYO , Afrique du Sud
2004,1,Khaled BADRA , Tunisie
2004,1,Slim BEN ACHOUR , Tunisie
2004,1,Najeh BRAHAM , Tunisie
2004,1,Jawher MNARI , Tunisie
2004,1,Esrom NYANDORO , Zimbabwe
2006,5,Samuel Eto'o,Cameroun
2006,4,Ahmed Hassan,Égypte
2006,4,Pascal Feindouno,Guinée
2006,4,Francileudo Santos,Tunisie
2006,3,Emad Moteab,Égypte
2006,3,Flávio,Angola
2006,3,Didier Drogba,Côte d'Ivoire
2006,2,Mohamed Aboutrika,Égypte
2006,2,Albert Meyong,Cameroun
2006,2,Ousmane Bangoura,Guinée
2006,2,Kaba Diawara,Guinée
2006,2,Obafemi Martins,Nigéria
2006,2,Henri Camara,Sénégal
2006,2,Mamadou Niang,Sénégal
2006,1,Norberto Maurito,Angola
2006,1,Geremi,Cameroun
2006,1,Lomana LuaLua,République Démocratique du Congo
2006,1,Tresor Mputu,République Démocratique du Congo
2006,1,Hossam Hassan,Égypte
2006,1,Mido,Égypte
2006,1,Amr Zaki,Égypte
2006,1,Baba Adamu,Ghana
2006,1,Matthew Amoah,Ghana
2006,1,Sambégou Bangoura,Guinée
2006,1,Arouna Koné,Côte d'Ivoire
2006,1,Bakari Koné,Côte d'Ivoire
2006,1,Yaya Touré,Côte d'Ivoire
2006,1,Abdusalam Khames,Libye
2006,1,Garba Lawal,Nigéria
2006,1,Mikel John Obi,Nigéria
2006,1,Victor Obinna,Nigéria
2006,1,Christian Obodo,Nigéria
2006,1,Taye Taiwo,Nigéria
2006,1,Issa Ba,Sénégal
2006,1,Souleymane Camara,Sénégal
2006,1,Papa Bouba Diop,Sénégal
2006,1,Mohamed Kader,Togo
2006,1,Chérif Touré Mamam,Togo
2006,1,Selim Benachour,Tunisie
2006,1,Riadh Bouazizi,Tunisie
2006,1,Karim Haggui,Tunisie
2006,1,James Chamanga,Zambie
2006,1,Christopher Katongo,Zambie
2006,1,Elijah Tana,Zambie
2006,1,Benjani Mwaruwari,Zimbabwe
2006,1,Abdel-Zaher El-Saqqa,Égypte
2006,1,Issah Ahmed,Ghana
2008,5,Samuel ETO'O , Cameroun
2008,4,Mateus MANUCHO Goncalves , Angola
2008,4,HOSNY Abd RABOU , Egypte
2008,4,Mohamed ABOUTRIKA , Egypte
2008,4,Amr ZAKY , Egypte
2008,3,Junior AGOGO , Ghana
2008,3,Sulley MUNTARI , Ghana
2008,3,Abdelkader KEITA , Cote d'Ivoire
2008,3,Salomon KALOU , Cote d'Ivoire
2008,3,Boubacar SANOGO , Cote d'Ivoire
2008,3,Didier DROGBA , Cote d'Ivoire
2008,3,Soufiane ALLOUDI , Maroc
2008,2,Joseph Desire JOB , Cameroun
2008,2,Stephane MBIA , Cameroun
2008,2,Geremi NJITAP , Cameroun
2008,2,Mohamed ZIDAN , Egypte
2008,2,Michael ESSIEN , Ghana
2008,2,Pascal FEINDOUNO , Guinée
2008,2,Brian BRENDELL , Namibie
2008,2,YAKUBU Aiyegbeni , Nigeria
2008,2,Elrio van HEERDEN , Afrique du Sud
2008,2,Chaouki BEN SAADA , Tunisie
2008,2,Francileudo DOS SANTOS , Tunisie
2008,2,Chris KATONGO , Zambie
2008,1,FLAVIO Amado , Angola
2008,1,Razack OMOTOYOSSI , Benin
2008,1,Achille EMANA , Cameroun
2008,1,Alain NKONG , Cameroun
2008,1,Ahmed FATHY , Egypte
2008,1,Haminu DRAMANI , Ghana
2008,1,ASAMOAH Gyan , Ghana
2008,1,Quincy OWUSU ABEYIE , Ghana
2008,1,Ismael BANGOURA , Guinée
2008,1,Oumar KALABANE , Guinée
2008,1,Souleymane YOULA , Guinée
2008,1,Aruna DINDANE , Cote d'Ivoire
2008,1,Bakari KONE , Cote d'Ivoire
2008,1,Yaya TOURE , Cote d'Ivoire
2008,1,Marco André ZORO Kpolo , Cote d'Ivoire
2008,1,Frederic KANOUTE , Mali
2008,1,Hicham ABOUCHEROUANE , Maroc
2008,1,Abdeslam OUADDOU , Maroc
2008,1,Tarik SEKTIOUI , Maroc
2008,1,Moncef ZERKA , Maroc
2008,1,Mikel John OBI , Nigeria
2008,1,Henri CAMARA , Sénégal
2008,1,Abdoulaye Diagne FAYE , Sénégal
2008,1,Diomansy KAMARA , Sénégal
2008,1,Moustapha BAYAL SALL , Sénégal
2008,1,Katlego MPHELA , Afrique du Sud
2008,1,Yacine CHIKHAOUI , Tunisie
2008,1,Issam JEMAA , Tunisie
2008,1,Mejdi TRAOUI , Tunisie
2008,1,James CHAMANGA , Zambie
2008,1,Felix KATONGO , Zambie
2008,1,Jacob MULENGA , Zambie
2008,1,Mohamed Ali KHIDER , Cameroun
2010,5,Mohamed Nagy Ismail Afash GEDDO , Egypte
2010,3,FLAVIO Amado , Angola
2010,3,Ahmed HASSAN , Egypte
2010,3,ASAMOAH Gyan , Ghana
2010,3,Seydou KEITA , Mali
2010,2,Mateus MANUCHO Goncalves , Angola
2010,2,Samuel ETO'O , Cameroun
2010,2,Emad MOTEAB , Egypte
2010,2,Russel MWAFULIRWA , Malawi
2010,2,Frederic KANOUTE , Mali
2010,2,Peter ODEMWINGIE , Nigeria
2010,2,Jacob MULENGA , Zambie
2010,1,Hameur BOUAZZA , Algérie
2010,1,Madjid BOUGHERRA , Algérie
2010,1,Rafik HALLICHE , Algérie
2010,1,Karim MATMOUR , Algérie
2010,1,Sebastiăo GILBERTO , Angola
2010,1,Razak OMOTOYOSSI , Benin
2010,1,Achille EMANA , Cameroun
2010,1,GEREMI Njitap Fotso , Cameroun
2010,1,Mohammadou IDRISSOU , Cameroun
2010,1,Landry N'GUEMO , Cameroun
2010,1,Mohamed ABDEL SHAFY , Egypte
2010,1,HOSNY Abd Rabo , Egypte
2010,1,Ahmed AL MUHAMMADI , Egypte
2010,1,Mohamed ZIDAN , Egypte
2010,1,Daniel COUSIN , Gabon
2010,1,Fabrice DO MARCOLINO , Gabon
2010,1,André AYEW , Ghana
2010,1,Didier DROGBA , Cote d'Ivoire
2010,1,Gervais Yao Kouassi GERVINHO , Cote d'Ivoire
2010,1,Salomon KALOU , Cote d'Ivoire
2010,1,Kader KEITA , Cote d'Ivoire
2010,1,Siaka TIENE , Cote d'Ivoire
2010,1,Davi BANDA , Malawi
2010,1,Elvis KAFOTEKA , Malawi
2010,1,Mamadou BAGAYOKO , Mali
2010,1,Mustapha YATABARE , Mali
2010,1,Carlos FUMO Gonçalves , Mozambique
2010,1,Daniel Almiro Lobo MIRO , Mozambique
2010,1,Obafemi MARTINS , Nigeria
2010,1,Chinedu OBASI , Nigeria
2010,1,Victor OBINNA , Nigeria
2010,1,YAKUBU Aiyegbeni , Nigeria
2010,1,Amine CHERMITI , Tunisie
2010,1,Zouheir DHAOUADI , Tunisie
2010,1,James CHAMANGA , Zambie
2010,1,Rainford KALABA , Zambie
2010,1,Christopher KATONGO , Zambie
2010,1,Dario KHAN , Benin
2010,1,Dario KHAN , Egypte
2010,1,Aurélien CHEDJOU , Tunisie
2012,3,Manucho,Angola
2012,3,Pierre-Emerick Aubameyang,Gabon
2012,3,Didier Drogba,Côte d'Ivoire
2012,3,Cheick Diabaté,Mali
2012,3,Houssine Kharja,Maroc
2012,3,Christopher Katongo,Zambie
2012,3,Emmanuel Mayuka,Zambie
2012,2,André Ayew,Ghana
2012,2,John Mensah,Ghana
2012,2,Abdoul Camara,Guinée
2012,2,Sadio Diallo,Guinée
2012,2,Ihaab Boussefi,Libye
2012,2,Ahmed Saad Osman,Libye
2012,2,Mohamed Ahmed Bashir,Soudan
2012,2,Mudather El Tahir,Soudan
2012,2,Youssef Msakni,Tunisie
2012,1,Mateus,Angola
2012,1,Mogakolodi Ngele,Botswana
2012,1,Dipsy Selolwane,Botswana
2012,1,Issiaka Ouédraogo,Burkina Faso
2012,1,Alain Traoré,Burkina Faso
2012,1,Javier Balboa,Guinée Équatoriale
2012,1,Kily,Guinée Équatoriale
2012,1,Randy,Guinée Équatoriale
2012,1,Daniel Cousin,Gabon
2012,1,Bruno Zita Mbanangoyé,Gabon
2012,1,Éric Mouloungui,Gabon
2012,1,Stéphane N'Guéma,Gabon
2012,1,Emmanuel Agyemang-Badu,Ghana
2012,1,Asamoah Gyan,Ghana
2012,1,Mamadou Bah,Guinée
2012,1,Naby Soumah,Guinée
2012,1,Ibrahima Traoré,Guinée
2012,1,Wilfried Bony,Côte d'Ivoire
2012,1,Emmanuel Eboué,Côte d'Ivoire
2012,1,Gervinho,Côte d'Ivoire
2012,1,Salomon Kalou,Côte d'Ivoire
2012,1,Yaya Touré,Côte d'Ivoire
2012,1,Garra Dembélé,Mali
2012,1,Seydou Keita,Mali
2012,1,Bakaye Traoré,Mali
2012,1,Younès Belhanda,Maroc
2012,1,William N'Gounou,Niger
2012,1,Deme N'Diaye,Sénégal
2012,1,Dame N'Doye,Sénégal
2012,1,Moussa Sow,Sénégal
2012,1,Issam Jemâa,Tunisie
2012,1,Saber Khelifa,Tunisie
2012,1,Khaled Korbi,Tunisie
2012,1,James Chamanga,Zambie
2012,1,Rainford Kalaba,Zambie
2012,1,Stophira Sunzu,Zambie
2012,1,Bakary Koné,Burkina Faso
2013,4,Emmanuel Emenike,Nigéria
2013,4,Mubarak Wakaso,Ghana
2013,3,Alain Traoré,Burkina Faso
2013,3,Seydou Keita,Mali
2013,2,Jonathan Pitroipa,Burkina Faso
2013,2,Dieumerci Mbokani,République Démocratique du Congo
2013,2,Kwadwo Asamoah,Ghana
2013,2,Gervinho,Côte d'Ivoire
2013,2,Yaya Touré,Côte d'Ivoire
2013,2,Mahamadou Samassa,Mali
2013,2,Sunday Mba,Nigéria
2013,2,Victor Moses,Nigéria
2013,2,Siyabonga Sangweni,Afrique du Sud
2013,1,Sofiane Feghouli,Algérie
2013,1,Hillal Soudani,Algérie
2013,1,Aristide Bancé,Burkina Faso
2013,1,Djakaridja Koné,Burkina Faso
2013,1,Platini,Cap-Vert
2013,1,Héldon Ramos,Cap-Vert
2013,1,Fernando Varela,Cap-Vert
2013,1,Trésor Mputu,République Démocratique du Congo
2013,1,Adane Girma,Éthiopie
2013,1,Emmanuel Agyemang-Badu,Ghana
2013,1,Christian Atsu Twasam,Ghana
2013,1,John Boye,Ghana
2013,1,Asamoah Gyan,Ghana
2013,1,Wilfried Bony,Côte d'Ivoire
2013,1,Didier Drogba,Côte d'Ivoire
2013,1,Cheick Tioté,Côte d'Ivoire
2013,1,Didier Ya Konan,Côte d'Ivoire
2013,1,Cheick Fantamady Diarra,Mali
2013,1,Sigamary Diarra,Mali
2013,1,Issam El Adoua,Maroc
2013,1,Youssef El-Arabi,Maroc
2013,1,Abdelilah Hafidi,Maroc
2013,1,Uwa Elderson Echiéjilé,Nigéria
2013,1,Brown Ideye,Nigéria
2013,1,Ahmed Musa,Nigéria
2013,1,May Mahlangu,Afrique du Sud
2013,1,Lehlohonolo Majoro,Afrique du Sud
2013,1,Tokelo Rantie,Afrique du Sud
2013,1,Emmanuel Adebayor,Togo
2013,1,Jonathan Ayité,Togo
2013,1,Serge Gakpé,Togo
2013,1,Dové Wome,Togo
2013,1,Khaled Mouelhi,Tunisie
2013,1,Youssef Msakni,Tunisie
2013,1,Collins Mbesuma,Zambie
2013,1,Kennedy Mweene,Zambie
2013,1,Nando,Cap-Vert
2015,3,Thievy Bifouma,Congo
2015,3,Dieumerci Mbokani,République Démocratique du Congo
2015,3,Javier Balboa,Guinée Équatoriale
2015,3,André Ayew,Ghana
2015,3,Ahmed Akaïchi,Tunisie
2015,2,Jeremy Bokila,République Démocratique du Congo
2015,2,Christian Atsu,Ghana
2015,2,Wilfried Bony,Côte d'Ivoire
2015,2,Gervinho,Côte d'Ivoire
2015,2,Max Gradel,Côte d'Ivoire
2015,1,Nabil Bentaleb,Algérie
2015,1,Faouzi Ghoulam,Algérie
2015,1,Riyad Mahrez,Algérie
2015,1,Islam Slimani,Algérie
2015,1,Hillal Soudani,Algérie
2015,1,Aristide Bancé,Burkina Faso
2015,1,Benjamin Moukandjo,Cameroun
2015,1,Ambroise Oyongo,Cameroun
2015,1,Héldon,Cap-Vert
2015,1,Férébory Doré,Congo
2015,1,Fabrice Ondama,Congo
2015,1,Prince Oniangue,Congo
2015,1,Yannick Bolasie,République Démocratique du Congo
2015,1,Joël Kimwaki,République Démocratique du Congo
2015,1,Emilio Nsue,Guinée Équatoriale
2015,1,Ibán Edú,Guinée Équatoriale
2015,1,Pierre-Emerick Aubameyang,Gabon
2015,1,Malick Evouna,Gabon
2015,1,Kwesi Appiah,Ghana
2015,1,Jordan Ayew,Ghana
2015,1,John Boye,Ghana
2015,1,Asamoah Gyan,Ghana
2015,1,Mubarak Wakaso,Ghana
2015,1,Kévin Constant,Guinée
2015,1,Ibrahima Traoré,Guinée
2015,1,Mohamed Yattara,Guinée
2015,1,Seydou Doumbia,Côte d'Ivoire
2015,1,Wilfried Kanon,Côte d'Ivoire
2015,1,Yaya Touré,Côte d'Ivoire
2015,1,Bakary Sako,Mali
2015,1,Modibo Maïga,Mali
2015,1,Sambou Yatabaré,Mali
2015,1,Mame Biram Diouf,Sénégal
2015,1,Kara Mbodj,Sénégal
2015,1,Moussa Sow,Sénégal
2015,1,Oupa Manyisa,Afrique du Sud
2015,1,Mandla Masango,Afrique du Sud
2015,1,Thuso Phala,Afrique du Sud
2015,1,Yassine Chikhaoui,Tunisie
2015,1,Mohamed Ali Moncer,Tunisie
2015,1,Emmanuel Mayuka,Zambie
2015,1,Given Singuluma,Zambie
2015,1,Thulani Hlatshwayo,Afrique du Sud
2017,3,Junior Kabananga,République Démocratique du Congo
2017,2,Riyad Mahrez,Algérie
2017,2,Islam Slimani,Algérie
2017,2,Aristide Bancé,Burkina Faso
2017,2,Préjuce Nakoulma,Burkina Faso
2017,2,Michael Ngadeu-Ngadjui,Cameroun
2017,2,Paul-José M'Poku,République Démocratique du Congo
2017,2,Mohamed Salah,Égypte
2017,2,Pierre-Emerick Aubameyang,Gabon
2017,2,André Ayew,Ghana
2017,2,Sadio Mané,Sénégal
2017,2,Naïm Sliti,Tunisie
2017,1,Sofiane Hanni,Algérie
2017,1,Issoufou Dayo,Burkina Faso
2017,1,Alain Traoré,Burkina Faso
2017,1,Bertrand Traoré,Burkina Faso
2017,1,Vincent Aboubakar,Cameroun
2017,1,Christian Bassogog,Cameroun
2017,1,Benjamin Moukandjo,Cameroun
2017,1,Nicolas Nkoulou,Cameroun
2017,1,Sébastien Siani,Cameroun
2017,1,Neeskens Kebano,République Démocratique du Congo
2017,1,Firmin Ndombe Mubele,République Démocratique du Congo
2017,1,Mohamed Elneny,Égypte
2017,1,Kahraba,Égypte
2017,1,Abdallah Said,Égypte
2017,1,Jordan Ayew,Ghana
2017,1,Asamoah Gyan,Ghana
2017,1,Piqueti,Guinée-Bissau
2017,1,Juary Soares,Guinée-Bissau
2017,1,Wilfried Bony,Côte d'Ivoire
2017,1,Serey Dié,Côte d'Ivoire
2017,1,Yves Bissouma,Mali
2017,1,Rachid Alioui,Maroc
2017,1,Aziz Bouhaddouz,Maroc
2017,1,Youssef En-Nesyri,Maroc
2017,1,Romain Saïss,Maroc
2017,1,Papakouli Diop,Sénégal
2017,1,Kara Mbodji,Sénégal
2017,1,Henri Saivet,Sénégal
2017,1,Moussa Sow,Sénégal
2017,1,Mathieu Dossevi,Togo
2017,1,Kodjo Fo-Doh Laba,Togo
2017,1,Wahbi Khazri,Tunisie
2017,1,Taha Yassine Khenissi,Tunisie
2017,1,Youssef Msakni,Tunisie
2017,1,Farouk Miya,Ouganda
2017,1,Kudakwashe Mahachi,Zimbabwe
2017,1,Tendai Ndoro,Zimbabwe
2017,1,Nyasha Mushekwi,Zimbabwe
2017,1,Knowledge Musona,Zimbabwe
2017,1 ,Aïssa Mandi,Algérie
2017,1 ,Rudinilson Silva,Guinée-Bissau
2019,5,Odion Ighalo,Nigéria
2019,3,Riyad Mahrez,Algérie
2019,3,Adam Ounas,Algérie
2019,3,Cédric Bakambu,République démocratique du Congo
2019,3,Sadio Mané,Sénégal
2019,2,Youcef Belaïli,Algérie
2019,2,Baghdad Bounedjah,Algérie
2019,2,Mickaël Poté,Bénin
2019,2,Stéphane Bahoken,Cameroun
2019,2,Ahmed El Mohamady,Égypte
2019,2,Mohamed Salah,Égypte
2019,2,Jordan Ayew,Ghana
2019,2,Mohamed Yattara,Guinée
2019,2,Jonathan Kodjia,Côte d'Ivoire
2019,2,Wilfried Zaha,Côte d'Ivoire
2019,2,Michael Olunga,Kenya
2019,2,Carolus Andriamatsinoro,Madagascar
2019,2,Youssef En-Nesyri,Maroc
2019,2,Bongani Zungu,Afrique du Sud
2019,2,Youssef Msakni,Tunisie
2019,2,Emmanuel Okwi,Ouganda
2019,1,Sofiane Feghouli,Algérie
2019,1,Islam Slimani,Algérie
2019,1,Djalma,Angola
2019,1,Moise Adilehou,Bénin
2019,1,Clinton N'Jie,Cameroun
2019,1,Banana Yaya,Cameroun
2019,1,Britt Assombalonga,République démocratique du Congo
2019,1,Jonathan Bolingi,République démocratique du Congo
2019,1,Chancel Mbemba,République démocratique du Congo
2019,1,Trézéguet,Égypte
2019,1,André Ayew,Ghana
2019,1,Thomas Partey,Ghana
2019,1,Sory Kaba,Guinée
2019,1,François Kamano,Guinée
2019,1,Maxwel Cornet,Côte d'Ivoire
2019,1,Serey Dié,Côte d'Ivoire
2019,1,Max Gradel,Côte d'Ivoire
2019,1,Johanna Omolo,Kenya
2019,1,Anicet Abel,Madagascar
2019,1,Ibrahim Amada,Madagascar
2019,1,Faneva Imà Andriatsima,Madagascar
2019,1,Marco Ilaimaharitra,Madagascar
2019,1,Lalaïna Nomenjanahary,Madagascar
2019,1,Abdoulay Diaby,Mali
2019,1,Amadou Haidara,Mali
2019,1,Moussa Marega,Mali
2019,1,Diadie Samassékou,Mali
2019,1,Adama Traoré I,Mali
2019,1,Adama Traoré II,Mali
2019,1,Moctar Sidi El Hacen,Mauritanie
2019,1,Mbark Boussoufa,Maroc
2019,1,Joslin Kamatuka,Namibie
2019,1,Samuel Chukwueze,Nigéria
2019,1,Alex Iwobi,Nigéria
2019,1,Kenneth Omeruo,Nigéria
2019,1,William Troost-Ekong,Nigéria
2019,1,Keita Baldé,Sénégal
2019,1,Krépin Diatta,Sénégal
2019,1,Idrissa Gueye,Sénégal
2019,1,Ismaïla Sarr,Sénégal
2019,1,Thembinkosi Lorch,Afrique du Sud
2019,1,Simon Msuva,Tanzanie
2019,1,Mbwana Samatta,Tanzanie
2019,1,Wahbi Khazri,Tunisie
2019,1,Taha Yassine Khenissi,Tunisie
2019,1,Ferjani Sassi,Tunisie
2019,1,Naïm Sliti,Tunisie
2019,1,Patrick Kaddu,Ouganda
2019,1,Khama Billiat,Zimbabwe
2019,1,Itamunua Keimuine,Namibie
2019,1,William Troost-Ekong,Nigéria
2019,1,Rami Bedoui,Tunisie
2019,1,Dylan Bronn,Tunisie
2021,8,Vincent Aboubakar,Cameroun
2021,5,Karl Toko Ekambi,Cameroun
2021,3,Gabadinho Mhango,Malawi
2021,3,Ibrahima Koné,Mali
2021,3,Sofiane Boufal,Maroc
2021,3,Sadio Mané,Sénégal
2021,2,Ahmed Mogni,Comores
2021,2,Mohamed Salah,Égypte
2021,2,Jim Allevinah,Gabon
2021,2,Musa Barrow,Gambie
2021,2,Ablie Jallow,Gambie
2021,2,Nicolas Pépé,Côte d'Ivoire
2021,2,Achraf Hakimi,Maroc
2021,2,Wahbi Khazri,Tunisie
2021,1,Sofiane Bendebka,Algérie
2021,1,Hassane Bandé,Burkina Faso
2021,1,Cyrille Bayala,Burkina Faso
2021,1,Dango Ouattara,Burkina Faso
2021,1,Djibril Ouattara,Burkina Faso
2021,1,Gustavo Sangaré,Burkina Faso
2021,1,Blati Touré,Burkina Faso
2021,1,Bertrand Traoré,Burkina Faso
2021,1,Steeve Yago,Burkina Faso
2021,1,Stéphane Bahoken,Cameroun
2021,1,Garry Rodrigues,Cap-Vert
2021,1,Júlio Tavares,Cap-Vert
2021,1,Youssouf M'Changama,Comores
2021,1,El Fardou Ben Nabouhane,Comores
2021,1,Mohamed Abdelmonem,Égypte
2021,1,Trézéguet,Égypte
2021,1,Jannick Buyla,Guinée équatoriale
2021,1,Pablo Ganet,Guinée équatoriale
2021,1,Esteban Obiang,Guinée équatoriale
2021,1,Dawa Hotessa,Éthiopie
2021,1,Getaneh Kebede,Éthiopie
2021,1,Aaron Boupendza,Gabon
2021,1,André Ayew,Ghana
2021,1,Richmond Boakye,Ghana
2021,1,Alexander Djiku,Ghana
2021,1,Naby Keïta,Guinée
2021,1,Issiaga Sylla,Guinée
2021,1,Max Gradel,Côte d'Ivoire
2021,1,Sébastien Haller,Côte d'Ivoire
2021,1,Franck Kessié,Côte d'Ivoire
2021,1,Ibrahim Sangaré,Côte d'Ivoire
2021,1,Massadio Haïdara,Mali
2021,1,Zakaria Aboukhlal,Maroc
2021,1,Selim Amallah,Maroc
2021,1,Youssef En-Nesyri,Maroc
2021,1,Taiwo Awoniyi,Nigéria
2021,1,Samuel Chukwueze,Nigéria
2021,1,Kelechi Iheanacho,Nigéria
2021,1,Umar Sadiq,Nigéria
2021,1,Moses Simon,Nigéria
2021,1,William Troost-Ekong,Nigéria
2021,1,Abdou Diallo,Sénégal
2021,1,Famara Diédhiou,Sénégal
2021,1,Bamba Dieng,Sénégal
2021,1,Idrissa Gueye,Sénégal
2021,1,Cheikhou Kouyaté,Sénégal
2021,1,Ismaïla Sarr,Sénégal
2021,1,Alhaji Kamara,Sierra Leone
2021,1,Musa Noah Kamara,Sierra Leone
2021,1,Walieldin Khedr,Soudan
2021,1,Seifeddine Jaziri,Tunisie
2021,1,Hamza Mathlouthi,Tunisie
2021,1,Youssef Msakni,Tunisie
2021,1,Kudakwashe Mahachi,Zimbabwe
2021,1,Knowledge Musona,Zimbabwe
2021,1,Ishmael Wadi,Zimbabwe
2021,1,Adama Guira,Burkina Faso
2021,1,André Onana,Cameroun
2021,1,Nayef Aguerd,Maroc